species_lump,common_name,image,image_url,
Abietinaria/Amphisbetia spp,Coarse Sea Fir Hydroids,,https://inaturalist-open-data.s3.amazonaws.com/photos/355875024/medium.jpg,Credited
Acanthinucella paucilirata,Checkered Unicorn,,https://inaturalist-open-data.s3.amazonaws.com/photos/257372473/large.jpeg,Credited
Acanthinucella spp,Rock Snails,,https://inaturalist-open-data.s3.amazonaws.com/photos/135755514/large.jpg,Inaturalist
Acmaea mitra,Whitecap Limpet,,https://inaturalist-open-data.s3.amazonaws.com/photos/61467804/medium.jpeg,Inaturalist
Acrosiphonia/Cladophora spp,Filamentous Green Algae,,https://inaturalist-open-data.s3.amazonaws.com/photos/126218890/medium.jpeg,Inaturalist
Acrosorium spp,Red Algae,,https://inaturalist-open-data.s3.amazonaws.com/photos/447317947/large.jpeg,Inaturalist
Aeolidia papillosa,Shag-rug Nudibranch,,https://inaturalist-open-data.s3.amazonaws.com/photos/451171155/large.jpeg,Inaturalist
Agathistoma eiseni,Western Banded Tegula,,https://inaturalist-open-data.s3.amazonaws.com/photos/470768905/medium.jpg,Credited
Aglaophenia spp,Ostrich-Plume Hydroids,,https://inaturalist-open-data.s3.amazonaws.com/photos/11235571/medium.jpg,Inaturalist
Ahnfeltia fastigiata,Forked Tangled Red Alga,,https://inaturalist-open-data.s3.amazonaws.com/photos/505444849/medium.jpg,Credited
Ahnfeltiopsis linearis,Flattened Ahnfelts Seaweed,,https://inaturalist-open-data.s3.amazonaws.com/photos/128329537/medium.jpeg,Inaturalist
Alaria marginata,Winged Kelp,,https://inaturalist-open-data.s3.amazonaws.com/photos/104440236/medium.jpg,Inaturalist
Alia spp,Dove Snails,,,
Amphiroa beauvoisii,Rosy Calcareous Algae,,https://inaturalist-open-data.s3.amazonaws.com/photos/267795679/medium.jpeg,Credited
Amphissa columbiana,Wrinkled Amphissa,,https://inaturalist-open-data.s3.amazonaws.com/photos/61466936/medium.jpeg,Inaturalist
Amphissa versicolor,Variegate Amphissa,,,
Analipus japonicus,Bottlebrush Seaweed ,,https://inaturalist-open-data.s3.amazonaws.com/photos/168014270/medium.jpeg,Inaturalist
Anisocladella pacifica,Red Algae,,https://static.inaturalist.org/sites/1-logo_square.png?1573071870,NO
Anthopleura artemisia,Moonglow Anemone,,https://inaturalist-open-data.s3.amazonaws.com/photos/63839390/medium.jpeg,Inaturalist
Anthopleura elegantissima,Aggregating Anemone,,,
Anthopleura sola,Sunburst Anemone,,https://inaturalist-open-data.s3.amazonaws.com/photos/451513700/large.jpeg,Inaturalist
Anthopleura xanthogrammica,Giant Green Anemone,,https://inaturalist-open-data.s3.amazonaws.com/photos/171156949/medium.jpg,Inaturalist
Antithamnionella spp,Red Algae,,,
Aplidium spp,Sea Pork,,https://inaturalist-open-data.s3.amazonaws.com/photos/207883186/medium.jpg,Inaturalist
Aplysia californica,California Seahare,,https://inaturalist-open-data.s3.amazonaws.com/photos/408878514/large.jpeg,Inaturalist
Asparagopsis taxiformis,Red Sea Plume,,https://inaturalist-open-data.s3.amazonaws.com/photos/255967011/large.jpg,Inaturalist
Balanus crenatus,Wrinkled Barnacle,,https://inaturalist-open-data.s3.amazonaws.com/photos/63262275/medium.jpeg,Inaturalist
Balanus glandula,Pacific Acorn Barnacle,,,
Balanus nubilus,Giant Acorn Barnacle,,https://inaturalist-open-data.s3.amazonaws.com/photos/58658663/medium.jpeg,Inaturalist
Bangia spp,Red Algae,,https://static.inaturalist.org/sites/1-logo_square.png?1573071870,NO
Besa leptophylla,Filamentous Red Algae,,https://inaturalist-open-data.s3.amazonaws.com/photos/43482697/medium.jpg,Credited
Boring clam,Boring Clam,,https://inaturalist-open-data.s3.amazonaws.com/photos/426816057/large.jpeg,Inaturalist
Bossiella spp,Coralline Algae,,,
Bryopsis spp,Hair Algae,,,
Bugula neritina,Brown Bryozoan,,https://inaturalist-open-data.s3.amazonaws.com/photos/477437045/large.jpg,Inaturalist
Caesia perpinguis,Fat Nassa,,,
Californiconus californicus,California Cone,,https://inaturalist-open-data.s3.amazonaws.com/photos/469448780/large.jpg,Inaturalist
Callianax biplicata,Purple Olive Snail,,https://inaturalist-open-data.s3.amazonaws.com/photos/130143749/medium.jpeg,Inaturalist
Calliarthron spp,Coralline Red Algae,,https://inaturalist-open-data.s3.amazonaws.com/photos/153162108/medium.jpeg,Inaturalist
Calliostoma annulatum,Jeweled Top Snail,,https://inaturalist-open-data.s3.amazonaws.com/photos/102350234/large.jpeg,Inaturalist
Calliostoma canaliculatum,Channeled Topsnail,,https://inaturalist-open-data.s3.amazonaws.com/photos/66320496/medium.jpeg,Inaturalist
Calliostoma ligatum,Blue-Ringed Top Snail ,,https://inaturalist-open-data.s3.amazonaws.com/photos/117621346/medium.jpg,Inaturalist
Calliostoma supragranosum,Granulose Topsnail,,https://inaturalist-open-data.s3.amazonaws.com/photos/287754503/large.jpeg,Credited
Callithamnion pikeanum,Beauty Bush Alga,,https://inaturalist-open-data.s3.amazonaws.com/photos/122641854/medium.jpg,Inaturalist
Callithamnion rupicola,Red Algae,,https://static.inaturalist.org/sites/1-logo_square.png?1573071870,NO
Callophyllis spp,Red Sea Fan,,https://inaturalist-open-data.s3.amazonaws.com/photos/4420259/medium.jpg,Inaturalist
Cancer productus,Red Rock Crab,,https://inaturalist-open-data.s3.amazonaws.com/photos/463401895/medium.jpg,Inaturalist
Caulacanthus okamurae,Pom-Pom Weed,,https://inaturalist-open-data.s3.amazonaws.com/photos/88396738/medium.jpg,Inaturalist
Ceramothamnion coulteri,Delicate Sea Lace,,,
Ceratostoma foliatum,Leafy Hornmouth,,https://inaturalist-open-data.s3.amazonaws.com/photos/101810511/medium.jpeg,Inaturalist
Ceratostoma nuttalli,Nuttall's Hornmouth,,,
Cerithiopsis spp,Small Sea Snails,,,
Chaetomorpha spp,Sea Emerald,,https://inaturalist-open-data.s3.amazonaws.com/photos/270053141/medium.jpeg,Inaturalist
Chondracanthus canaliculatus,Lawn Alga,,,
Chondracanthus corymbiferus/exaspertata,Turkish Towel,,https://inaturalist-open-data.s3.amazonaws.com/photos/207237146/large.jpeg,Inaturalist
Chondracanthus harveyanus,Turkish Towel,,https://inaturalist-open-data.s3.amazonaws.com/photos/226562197/large.jpg,Inaturalist
Chondracanthus spinosus,Spiny Turkish Washcloth,,https://inaturalist-open-data.s3.amazonaws.com/photos/251379727/medium.jpeg,Credited
Chondria acrorhizophora,Red Algae,,https://inaturalist-open-data.s3.amazonaws.com/photos/340754114/large.jpg,Inaturalist
Chondria arcuata,Red Algae,,https://inaturalist-open-data.s3.amazonaws.com/photos/158793149/medium.jpg,Credited
Chondria dasyphylla,Red Algae,,https://inaturalist-open-data.s3.amazonaws.com/photos/319717670/medium.jpeg,Credited
Chondria decipiens,Red Algae,,https://inaturalist-open-data.s3.amazonaws.com/photos/12969164/medium.jpeg,Credited
Chondria nidifica,Red Algae,,https://static.inaturalist.org/sites/1-logo_square.png?1573071870,NO
Chondria oppositiclada,Red Algae,,https://static.inaturalist.org/sites/1-logo_square.png?1573071870,NO
Chone minuta,Minute Feather-Duster,,https://inaturalist-open-data.s3.amazonaws.com/photos/381818936/medium.jpeg,Credited
Chthamalus dalli/fissus,Acorn Barnacle,,,
Cirolana spp/Gnorimosphaeroma oregonense,Oregon Pillbug,,https://inaturalist-open-data.s3.amazonaws.com/photos/4508148/medium.jpeg,Inaturalist
Cladophora columbiana,Green Pin-cushion Alga,,,
Cladophora graminea,Green Algae,,https://inaturalist-open-data.s3.amazonaws.com/photos/3972633/medium.JPG,Credited
Clathria pennata,Red Velvet Sponge,,,
Clavelina huntsmani,Lightbulb Tunicate,,https://inaturalist-open-data.s3.amazonaws.com/photos/9309980/medium.jpg,Inaturalist
Codium fragile,Dead Man's Fingers,,,
Codium setchellii,Green Spongy Cushion,,https://inaturalist-open-data.s3.amazonaws.com/photos/177635898/medium.jpeg,Inaturalist
Collinsiella tuberculata,Green Algae,,https://static.inaturalist.org/sites/1-logo_square.png?1573071870,NO
Colonial diatom,Colonial Diatom,,https://static.inaturalist.org/sites/1-logo_square.png?1573071870,NO
Colpomenia/Leathesia spp,Brown Algae,,,
Constantinea simplex,Cup and Saucer,,https://inaturalist-open-data.s3.amazonaws.com/photos/153162171/medium.jpeg,Inaturalist
Corallina spp,Coralline Algae,,,
Coryphella trilineata,Three-lined Aeolid,,https://inaturalist-open-data.s3.amazonaws.com/photos/110111989/large.jpeg,Inaturalist
Costaria costata,Seersucker Kelp,,https://inaturalist-open-data.s3.amazonaws.com/photos/143534461/medium.jpeg,Inaturalist
Crangon spp,Brown Shrimp,,https://inaturalist-open-data.s3.amazonaws.com/photos/147825328/medium.jpg,Inaturalist
Crepipatella lingulata,Pacific Half-slipper Snail,,https://inaturalist-open-data.s3.amazonaws.com/photos/105542150/large.jpeg,Inaturalist
Cryptochiton stelleri,Gumboot Chiton,,https://inaturalist-open-data.s3.amazonaws.com/photos/137785451/medium.jpeg,Inaturalist
Cryptolithodes sitchensis,Umbrella Crab,,https://inaturalist-open-data.s3.amazonaws.com/photos/198424535/large.jpg,Inaturalist
Cryptopleura/Hymenena spp,Leafy Red Algae,,,
Cryptosiphonia woodii,Bleached Brunette,,https://inaturalist-open-data.s3.amazonaws.com/photos/177283571/medium.jpg,Inaturalist
Cucumaria miniata,Orange Sea Cucumber,,,
Cucumaria/Pseudocnus spp,Sea Cucumbers,,https://inaturalist-open-data.s3.amazonaws.com/photos/112665252/medium.jpeg,Inaturalist
Cumagloia andersonii,Hairy Seaweed,,,
Cumathamnion decipiens,Winged Rib,,https://inaturalist-open-data.s3.amazonaws.com/photos/64839706/medium.jpeg,Inaturalist
Cyanoplax hartwegii,Hartweg's Chiton,,,
Cyanoplax spp,Chitons,,,
Dasya binghamiae,Red Algae,,https://inaturalist-open-data.s3.amazonaws.com/photos/174633223/large.jpeg,Inaturalist
Dasysiphonia japonica,Siphoned Feather Weed,,https://inaturalist-open-data.s3.amazonaws.com/photos/343727935/large.jpeg,Inaturalist
Dendronotus subramosus,Stubby Dendronotid,,https://inaturalist-open-data.s3.amazonaws.com/photos/107203392/large.jpeg,Inaturalist
Derbesia marina,Silky Thread Weed,,https://inaturalist-open-data.s3.amazonaws.com/photos/44183068/medium.jpeg,Credited
Dermasterias imbricata,Leather Star,,https://inaturalist-open-data.s3.amazonaws.com/photos/160548200/medium.jpeg,Inaturalist
Desmarestia ligulata,Flattened Acid Kelp,,https://inaturalist-open-data.s3.amazonaws.com/photos/292217009/medium.jpg,Inaturalist
Diaulula sandiegensis,San Diego Dorid,,,
Dictyoneurum californicum,Net-of-Cords Kelp,,https://inaturalist-open-data.s3.amazonaws.com/photos/147966508/large.jpeg,Inaturalist
Dictyopteris undulata,Brown Algae,,https://inaturalist-open-data.s3.amazonaws.com/photos/49744781/large.jpg,Inaturalist
Dictyota binghamiae,Mermaid's Glove,,https://inaturalist-open-data.s3.amazonaws.com/photos/466700259/medium.jpeg,Credited
Dictyota coriacea,Brown Algae,,https://inaturalist-open-data.s3.amazonaws.com/photos/37829415/medium.jpg,Credited
Dilsea californica,Red Algae,,https://inaturalist-open-data.s3.amazonaws.com/photos/44093159/medium.jpg,Credited
Diodora aspera,Rough Keyhole Limpet,,https://inaturalist-open-data.s3.amazonaws.com/photos/38194779/medium.jpeg,Inaturalist
Dirona albolineata,White-lined Dirona,,https://inaturalist-open-data.s3.amazonaws.com/photos/146251771/medium.jpeg,Inaturalist
Discurria insessa,Seaweed Limpet,,https://inaturalist-open-data.s3.amazonaws.com/photos/167490605/large.jpeg,Inaturalist
Distaplia occidentalis,Mushroom Tunicate,,https://inaturalist-open-data.s3.amazonaws.com/photos/107414725/medium.jpg,Credited
Dodecaceria spp,Polychaete Worms,,,
Doris montereyensis,Monterey Dorid,,https://inaturalist-open-data.s3.amazonaws.com/photos/65238401/medium.jpeg,Inaturalist
Ectocarpus spp,Maiden's Hair,,https://inaturalist-open-data.s3.amazonaws.com/photos/14429900/medium.jpg,Credited
Egregia menziesii,Feather Boa Kelp,,,
Eisenia arborea,Southern Sea Palm,,https://inaturalist-open-data.s3.amazonaws.com/photos/175898681/large.jpeg,Inaturalist
Encephalophycus tuberculatus,Red Algae,,https://static.inaturalist.org/sites/1-logo_square.png?1573071870,NO
Encrusting coralline,Crustose Coralline Algae,,,
Endarachne/Petalonia/Phaeostrophion spp,Brown Algae,,,
Endocladia muricata,Scouring-pad Alga,,https://inaturalist-open-data.s3.amazonaws.com/photos/169950160/medium.jpeg,Inaturalist
Endoplura aurea,Brown Algae,,https://static.inaturalist.org/sites/1-logo_square.png?1573071870,NO
Epiactis prolifera,Brooding Anemone,,,
Epitonium tinctum,Painted Wentletrap,,,
Erythroglossum californicum,Red Algae,,https://inaturalist-open-data.s3.amazonaws.com/photos/393289918/medium.jpeg,Credited
Erythrophyllum delesserioides,Red Sea Leaf,,https://inaturalist-open-data.s3.amazonaws.com/photos/143480378/medium.jpeg,Inaturalist
Eudendrium californicum,Sticky Hydroid,,https://inaturalist-open-data.s3.amazonaws.com/photos/172950254/medium.jpg,Credited
Eudistoma psammion,Sand Tunicate,,https://inaturalist-open-data.s3.amazonaws.com/photos/451593641/large.jpeg,Inaturalist
Eudistoma ritteri,Sea Squirt,,https://inaturalist-open-data.s3.amazonaws.com/photos/214794421/medium.jpg,Credited
Eudistylia polymorpha/vancouveri,Feather Duster Worm,,,
Eupentacta spp,Sea Cucumbers,,https://inaturalist-open-data.s3.amazonaws.com/photos/82560458/medium.jpeg,Inaturalist
Evasterias troschelii,Mottled Star,,,
Farlowia/Pikea spp,Red Algae,,,
Fissurella volcano,Volcano Keyhole Limpet,,https://inaturalist-open-data.s3.amazonaws.com/photos/168080618/large.jpg,Inaturalist
Fissurellidea bimaculata,Two-spotted Keyhole Limpet,,https://inaturalist-open-data.s3.amazonaws.com/photos/104438390/large.jpg,Inaturalist
Flustrellidra corniculata,Leather Bryozoan,,https://inaturalist-open-data.s3.amazonaws.com/photos/54017638/medium.jpeg,Inaturalist
Fredericqia chiton,Red Algae,,https://inaturalist-open-data.s3.amazonaws.com/photos/393548712/medium.jpeg,Credited
Fucus spp,Vesicled Rockweeds,,https://inaturalist-open-data.s3.amazonaws.com/photos/96840209/medium.jpeg,Inaturalist
Gastroclonium parvum,Red Algae,,https://inaturalist-open-data.s3.amazonaws.com/photos/310595461/medium.jpeg,Credited
Gelidium purpurascens,Gelidium,,https://inaturalist-open-data.s3.amazonaws.com/photos/404717961/medium.jpg,Credited
Gelidium robustum,Agarweed,,https://inaturalist-open-data.s3.amazonaws.com/photos/159745897/large.jpeg,Inaturalist
Gelidium spp,Jellyweeds,,,
Glebocarcinus oregonensis,Pygmy Rock Crab,,https://inaturalist-open-data.s3.amazonaws.com/photos/392510735/medium.jpeg,Inaturalist
Gloiopeltis furcata,Glueweed,,https://inaturalist-open-data.s3.amazonaws.com/photos/230767631/medium.jpeg,Inaturalist
Gloiosiphonia californica,Red Algae,,https://static.inaturalist.org/sites/1-logo_square.png?1573071870,NO
Gracilariopsis/Gracilaria spp,Sea Spahettis,,https://inaturalist-open-data.s3.amazonaws.com/photos/33139538/large.jpg,Inaturalist
Grateloupia angusta,Red Algae,,https://static.inaturalist.org/sites/1-logo_square.png?1573071870,NO
Grateloupia californica,Red Algae,,,
Grateloupia cornea,Red Algae,,https://static.inaturalist.org/sites/1-logo_square.png?1573071870,NO
Halichondria spp,Sea Sponges,,https://inaturalist-open-data.s3.amazonaws.com/photos/214480271/medium.jpeg,Inaturalist
Haliclona spp,Demosponges,,,
Halosaccion glandiforme,Sea Sacks,,https://inaturalist-open-data.s3.amazonaws.com/photos/139455126/medium.jpeg,Inaturalist
Halymenia/Schizymenia spp,Red Algae,,https://inaturalist-open-data.s3.amazonaws.com/photos/14029713/medium.jpg,Credited
Haminoea vesicula,Blister Glassy-Bubble,,https://inaturalist-open-data.s3.amazonaws.com/photos/158867512/large.jpeg,Inaturalist
Haminoea virescens,Green Bubble Snail,,https://inaturalist-open-data.s3.amazonaws.com/photos/58397821/large.jpeg,Inaturalist
Haplogloia andersonii,Hairy Brown Seaweed,,https://inaturalist-open-data.s3.amazonaws.com/photos/19962818/medium.jpg,Inaturalist
Hapterophycus canaliculatus,Brown Algae,,https://inaturalist-open-data.s3.amazonaws.com/photos/117574534/medium.jpg,Credited
Hedophyllum sessile,Sea Cabbage Kelp,,https://inaturalist-open-data.s3.amazonaws.com/photos/441862926/medium.jpeg,Inaturalist
Heliaster kubiniji,Gulf Sun Star,,,
Hemigrapsus nudus,Purple Shore Crab,,https://inaturalist-open-data.s3.amazonaws.com/photos/317371455/medium.jpeg,Inaturalist
Hemigrapsus oregonensis,Yellow Shore Crab,,https://inaturalist-open-data.s3.amazonaws.com/photos/303330017/medium.jpeg,Inaturalist
Henricia spp,Blood Stars,,https://inaturalist-open-data.s3.amazonaws.com/photos/169951723/medium.jpeg,Inaturalist
Hermissenda crassicornis,Horned Nudibranch,,https://inaturalist-open-data.s3.amazonaws.com/photos/371207728/medium.jpg,Inaturalist
Herpochondria borealis,Coarse Sea Lace,,https://inaturalist-open-data.s3.amazonaws.com/photos/146504589/medium.jpeg,Inaturalist
Herposiphonia littoralis,Red Algae,,https://static.inaturalist.org/sites/1-logo_square.png?1573071870,NO
Herposiphonia verticillata,Red Algae,,https://static.inaturalist.org/sites/1-logo_square.png?1573071870,NO
Homalopoma spp,Dwarf Turbans,,https://inaturalist-open-data.s3.amazonaws.com/photos/339253880/medium.jpg,Credited
Hypnea spp,Red Algae,,https://inaturalist-open-data.s3.amazonaws.com/photos/408649514/large.jpeg,Inaturalist
Idotea spp,Isopods,,https://inaturalist-open-data.s3.amazonaws.com/photos/46732818/medium.jpg,Inaturalist
Integripelta bilabiata,Derby Hat Bryozoan,,,
Jania rosea,Coralline Red Algae,,https://inaturalist-open-data.s3.amazonaws.com/photos/53592357/large.jpg,Inaturalist
Jania tenella,Coralline Red Algae,,https://inaturalist-open-data.s3.amazonaws.com/photos/14069163/medium.jpeg,Credited
Jania verrucosa,Well-forked Coralline,,https://inaturalist-open-data.s3.amazonaws.com/photos/114132738/medium.jpeg,Inaturalist
Johansenia macmillanii,Red Algae,,https://inaturalist-open-data.s3.amazonaws.com/photos/392512865/medium.jpg,Credited
Katharina tunicata,Black Leather Chiton,,https://inaturalist-open-data.s3.amazonaws.com/photos/112422720/medium.jpeg,Inaturalist
Kelletia kelletii,Kellet's Whelk,,https://inaturalist-open-data.s3.amazonaws.com/photos/58450769/medium.jpeg,Inaturalist
Lacuna spp,Periwinkle Snails,,,
Laminaria ephemera,Kelp,,https://inaturalist-open-data.s3.amazonaws.com/photos/193202370/medium.jpg,Credited
Laminaria farlowii,Oar Weed,,https://inaturalist-open-data.s3.amazonaws.com/photos/240196665/medium.jpg,Credited
Laminaria setchellii,Southern Stiff-stiped Kelp,,https://inaturalist-open-data.s3.amazonaws.com/photos/104561344/medium.jpeg,Inaturalist
Laminaria sinclairii,Dense-clumped Kelp,,https://inaturalist-open-data.s3.amazonaws.com/photos/139069300/medium.jpg,Inaturalist
Laurencia pacifica/masonii,Red Algae,,https://inaturalist-open-data.s3.amazonaws.com/photos/19830730/medium.jpg,Credited
Laurencia spp,Red Algae,,https://inaturalist-open-data.s3.amazonaws.com/photos/57438311/large.jpg,Inaturalist
Lepidozona spp,Chitons,,https://inaturalist-open-data.s3.amazonaws.com/photos/114030613/medium.jpeg,Inaturalist
Leptasterias spp,Six-armed Sea Stars,,https://inaturalist-open-data.s3.amazonaws.com/photos/105949256/medium.jpeg,Inaturalist
Lessoniopsis littoralis,Flat Pompom Kelp,,https://inaturalist-open-data.s3.amazonaws.com/photos/307571324/medium.jpeg,Inaturalist
Lichen,Lichen,,https://inaturalist-open-data.s3.amazonaws.com/photos/163249358/large.jpeg,Inaturalist
Ligia spp,Sea Slaters ,,https://inaturalist-open-data.s3.amazonaws.com/photos/307719937/medium.jpeg,Inaturalist
Limacia cockerelli,Cockerell's Dorid,,https://inaturalist-open-data.s3.amazonaws.com/photos/114030551/large.jpeg,Inaturalist
Lirabuccinum dirum,Dire Whelk,,https://inaturalist-open-data.s3.amazonaws.com/photos/230796820/medium.jpeg,Inaturalist
Lirularia/Margarites spp,Globe Snails,,https://inaturalist-open-data.s3.amazonaws.com/photos/34514540/medium.jpeg,Credited
Lithophyllum/Lithothamnion spp,Encrusting Coralline Algae,,https://inaturalist-open-data.s3.amazonaws.com/photos/507591028/medium.jpg,Inaturalist
Lithothrix aspergillum,Stone Hair,,https://inaturalist-open-data.s3.amazonaws.com/photos/340590321/large.jpg,Inaturalist
Littorina keenae,Eroded Periwinkle,,,
Littorina plena/scutulata,Periwinkle Snails,,,
Littorina sitkana/subrotundata,Periwinkle Snails,,https://inaturalist-open-data.s3.amazonaws.com/photos/195209640/medium.jpeg,Inaturalist
Lomentaria hakodatensis,Red Algae,,https://inaturalist-open-data.s3.amazonaws.com/photos/206458480/medium.jpg,Credited
Lottia asmi,Black Limpet,,https://inaturalist-open-data.s3.amazonaws.com/photos/105950417/large.jpeg,Inaturalist
Lottia austrodigitalis/digitalis,Finger Limpet,,,
Lottia fenestrata,Chocolate Limpet,,https://inaturalist-open-data.s3.amazonaws.com/photos/112499071/medium.jpg,Inaturalist
Lottia instabilis,Rocking Chair Limpet,,,
Lottia limatula,File Limpet,,,
Lottia paradigitalis/strigatella,Limpets,,,
Lottia pelta,Shield Limpet,,,
Lottia persona,Mask Limpet,,https://inaturalist-open-data.s3.amazonaws.com/photos/34399200/medium.jpeg,Inaturalist
Lottia polyfacies,Limpet,,https://static.inaturalist.org/sites/1-logo_square.png?1573071870,NO
Lottia scabra/conus,Rough Limpet,,,
Lottia scutum,Plate Limpet,,https://inaturalist-open-data.s3.amazonaws.com/photos/46968290/medium.jpeg,Inaturalist
Macrocystis pyrifera,Giant Kelp,,https://inaturalist-open-data.s3.amazonaws.com/photos/214202828/large.jpg,Inaturalist
Macron lividus,Livid Macron,,https://inaturalist-open-data.s3.amazonaws.com/photos/176691475/large.jpeg,Inaturalist
Mastocarpus spp,Encrusting Red Algae,,,
Maxwellia gemma,Gem Murex,,https://inaturalist-open-data.s3.amazonaws.com/photos/175897423/large.jpeg,Inaturalist
Mazzaella affinis,Red Algae,,,
Mazzaella flaccida/oregona/splendens,Red Algae,,,
Mazzaella leptorhynchos,Red Algae,,,
Mazzaella linearis,Red Algae,,https://static.inaturalist.org/sites/1-logo_square.png?1573071870,NO
Mazzaella parksii,Red Algae,,https://inaturalist-open-data.s3.amazonaws.com/photos/8729976/medium.jpeg,Credited
Mazzaella volans,Red Algae,,https://inaturalist-open-data.s3.amazonaws.com/photos/7537542/medium.jpg,Credited
Megabalanus californicus,California Barnacle,,https://inaturalist-open-data.s3.amazonaws.com/photos/86018433/large.jpg,Inaturalist
Megastraea undosa,Wavy Turban,,https://inaturalist-open-data.s3.amazonaws.com/photos/481350893/large.jpg,Inaturalist
Megathura crenulata,Giant Keyhole Limpet,,https://inaturalist-open-data.s3.amazonaws.com/photos/175897403/large.jpeg,Inaturalist
Melanosiphon/Scytosiphon spp,Brown Algae,,https://inaturalist-open-data.s3.amazonaws.com/photos/109689786/medium.jpg,Inaturalist
Membranipora spp,Lacy Crust Bryozoans,,,
Mesocentrotus franciscanus,Red Sea Urchin,,https://inaturalist-open-data.s3.amazonaws.com/photos/58725624/medium.jpeg,Inaturalist
Mesophyllum/Clathromorphum/Neopolyporolithon spp,Coralline Red Algae,,https://inaturalist-open-data.s3.amazonaws.com/photos/277144061/medium.jpeg,Credited
Mexacanthina lugubris,Dark Unicorn,,https://inaturalist-open-data.s3.amazonaws.com/photos/175902108/large.jpeg,Inaturalist
Mopalia spp,Chitons,,,
Mytilisepta/Brachidontes spp,Mussels,,https://inaturalist-open-data.s3.amazonaws.com/photos/496711994/large.jpeg,Inaturalist
Mytilus californianus,California Mussel,,,
Mytilus trossulus/galloprovincialis/edulis,Blue Mussels,,https://inaturalist-open-data.s3.amazonaws.com/photos/196633050/medium.jpeg,Inaturalist
Navanax inermis,California Aglaja,,https://inaturalist-open-data.s3.amazonaws.com/photos/408877046/large.jpeg,Inaturalist
Nemalion elminthoides,Sea Noodle,,https://inaturalist-open-data.s3.amazonaws.com/photos/167376808/large.jpeg,Inaturalist
Neogastroclonium subarticulatum,Sea Belly,,https://inaturalist-open-data.s3.amazonaws.com/photos/270911261/large.jpg,Inaturalist
Neoptilota/Ptilota spp,Sea Fern,,https://inaturalist-open-data.s3.amazonaws.com/photos/177283133/medium.jpg,Inaturalist
Neorhodomela larix,Black Pine Seaweed,,https://inaturalist-open-data.s3.amazonaws.com/photos/266158757/medium.jpeg,Inaturalist
Neorhodomela oregona,Red Algae,,https://inaturalist-open-data.s3.amazonaws.com/photos/379030852/medium.jpg,Inaturalist
Neostylidium eschrichtii,Threaded Bittium,,https://inaturalist-open-data.s3.amazonaws.com/photos/147338924/medium.jpeg,Inaturalist
Nereocystis luetkeana,Bull Kelp,,https://inaturalist-open-data.s3.amazonaws.com/photos/134139574/medium.jpg,Inaturalist
Nienburgia andersoniana,Filamentous Red Algae,,https://inaturalist-open-data.s3.amazonaws.com/photos/239170624/large.jpg,Inaturalist
Non Coralline crust,Non Coralline Crust,,,
Norrisia norrisii,Norris's Topsnail,,https://inaturalist-open-data.s3.amazonaws.com/photos/132491638/large.jpeg,Inaturalist
Nucella canaliculata,Channeled Dog Winkle,,https://inaturalist-open-data.s3.amazonaws.com/photos/175479364/medium.jpeg,Inaturalist
Nucella emarginata/ostrina,Dogwinkles,,,
Nucella lamellosa,Frilled Dogwinkle,,https://inaturalist-open-data.s3.amazonaws.com/photos/243533299/medium.jpeg,Inaturalist
Nuttallina spp,Chitons,,,
Obelia spp,Wine-glass Hydroids,,https://inaturalist-open-data.s3.amazonaws.com/photos/63655661/medium.jpeg,Inaturalist
Odonthalia floccosa,Sea Brush,,https://inaturalist-open-data.s3.amazonaws.com/photos/117574517/medium.jpg,Inaturalist
Odonthalia washingtoniensis,Flat Sea Brush,,https://inaturalist-open-data.s3.amazonaws.com/photos/386777318/large.jpg,Credited
Oedignathus inermis,Granular Claw Crab,,https://inaturalist-open-data.s3.amazonaws.com/photos/118224738/medium.jpeg,Credited
Onchidella carpenteri,Leather Limpet,,https://inaturalist-open-data.s3.amazonaws.com/photos/261951523/medium.jpeg,Inaturalist
Opalia funiculata,Scalloped Wentletrap,,,
Opalia wroblewskyi,Boreal Wentletrap,,https://inaturalist-open-data.s3.amazonaws.com/photos/61541683/large.jpeg,Inaturalist
Ophiuroidea,Brittle Stars,,https://inaturalist-open-data.s3.amazonaws.com/photos/175901064/medium.jpeg,Inaturalist
Opuntiella californica,Red Opuntia,,,
Oregonia gracilis,Graceful Decorator Crab,,,
Osmundea sinicola,Red Algae,,https://inaturalist-open-data.s3.amazonaws.com/photos/8641757/medium.jpeg,Inaturalist
Osmundea spectabilis,Sea Laurel,,,
Osmundea splendens,Red Algae,,https://static.inaturalist.org/sites/1-logo_square.png?1573071870,NO
Pachycheles spp,Porcelain Crabs,,https://inaturalist-open-data.s3.amazonaws.com/photos/177891250/medium.jpg,Inaturalist
Pachygrapsus crassipes,Striped Shore Crab,,,
Paciocinebrina circumtexta,Circled Rocksnail,,https://inaturalist-open-data.s3.amazonaws.com/photos/54017810/medium.jpeg,Inaturalist
Paciocinebrina interfossa,Sculptured Rocksnail,,https://inaturalist-open-data.s3.amazonaws.com/photos/104445619/medium.jpeg,Inaturalist
Paciocinebrina lurida,Lurid Rocksnail,,,
Padina spp,Mermaid's Fan Seaweeds,,,
Pagurus beringanus,Bering Hermit Crab,,https://inaturalist-open-data.s3.amazonaws.com/photos/379057147/medium.jpg,Inaturalist
Pagurus caurinus,Greenmark Hermit Crab,,https://inaturalist-open-data.s3.amazonaws.com/photos/22088681/medium.jpeg,Credited
Pagurus granosimanus,Grainy Hermit Crab,,https://inaturalist-open-data.s3.amazonaws.com/photos/114032300/medium.jpeg,Inaturalist
Pagurus hemphilli,Maroon Hermit Crab,,https://inaturalist-open-data.s3.amazonaws.com/photos/44015727/large.jpg,Inaturalist
Pagurus hirsutiusculus,Pacific Hairy Hermit Crab,,,
Pagurus samuelis,Blueband Hermit Crab,,,
Palmaria callophylloides,Red Algae,,,
Palmaria hecatensis,Red Algae,,,
Palmaria mollis,Red Algae,,https://inaturalist-open-data.s3.amazonaws.com/photos/379436370/medium.jpg,Credited
Palmaria palmata,Dulse,,,
Panulirus interruptus,California Spiny Lobster,,https://inaturalist-open-data.s3.amazonaws.com/photos/132488863/large.jpeg,Inaturalist
Paraxanthias taylori,Lumpy Rubble Crab,,https://inaturalist-open-data.s3.amazonaws.com/photos/57798821/large.jpeg,Inaturalist
Patiria miniata,Bat Star,,https://inaturalist-open-data.s3.amazonaws.com/photos/106428551/large.jpeg,Inaturalist
Peltodoris nobilis,Noble Dorid,,https://inaturalist-open-data.s3.amazonaws.com/photos/104560810/medium.jpeg,Inaturalist
Peltogaster spp,Parasitic Barnacles,,,
Pelvetiopsis arborescens/limitata,Little Rockweed,,https://inaturalist-open-data.s3.amazonaws.com/photos/52384062/medium.jpg,Inaturalist
Pelvetiopsis californica,California Rockweed,,https://inaturalist-open-data.s3.amazonaws.com/photos/168013254/large.jpeg,Inaturalist
Petaloconchus montereyensis,Monterey Wormsnail,,https://inaturalist-open-data.s3.amazonaws.com/photos/178362144/medium.jpeg,Credited
Petrolisthes spp,Porcelain Crabs,,https://inaturalist-open-data.s3.amazonaws.com/photos/163582324/medium.jpeg,Inaturalist
Petrospongium rugosum,Wrinkled Sponge,,,
Phragmatopoma/Sabellaria spp,Sandcastle Worms,,,
Phyllospadix scouleri/serrulatus,Surfgrass,,,
Phyllospadix torreyi,Torrey's Surfgrass,,,
Pisaster giganteus,Giant Sea Star,,https://inaturalist-open-data.s3.amazonaws.com/photos/111839345/large.jpeg,Inaturalist
Pisaster ochraceus,Ochre Sea Star,,,
Pista spp,Polychaete Worms,,,
Placiphorella velata,Veiled Chiton,,https://inaturalist-open-data.s3.amazonaws.com/photos/177753342/large.jpeg,Inaturalist
Pleonosporium spp,Filamentous Red Algae,,,
Plocamium oregonum,Red Algae,,https://inaturalist-open-data.s3.amazonaws.com/photos/7170778/medium.jpg,Credited
Plocamium pacificum,Feather Red Algae,,,
Plocamium violaceum,Feather Red Algae,,,
Pollicipes polymerus,Gooseneck Barnacle,,,
Polyneura latissima,Crisscross Network,,,
Polysiphonia spp,Filamentous Red Algae,,,
Prionitis filiformis,Red Algae,,,
Prionitis lanceolata,Red Algae,,,
Prionitis linearis,Red Algae,,https://inaturalist-open-data.s3.amazonaws.com/photos/3954258/medium.jpeg,Credited
Prionitis sternbergii,Bleach Weed,,https://inaturalist-open-data.s3.amazonaws.com/photos/425419466/medium.jpeg,Inaturalist
Pseudochama exogyra,Reversed Chama,,https://inaturalist-open-data.s3.amazonaws.com/photos/106265254/large.jpeg,Inaturalist
Pseudolithoderma nigrum,Brown Algae,,https://inaturalist-open-data.s3.amazonaws.com/photos/358144930/medium.jpeg,Credited
Pseudomelatoma penicillata,Doleful Turrid,,https://inaturalist-open-data.s3.amazonaws.com/photos/468941905/medium.jpeg,Credited
Pseudomelatoma torosa,Turrid Snail,,https://inaturalist-open-data.s3.amazonaws.com/photos/484997815/medium.jpg,Credited
Pseudopotamilla occelata,Feather Duster Worm,,https://inaturalist-open-data.s3.amazonaws.com/photos/353652813/medium.jpeg,Credited
Pseudopusula californiana,Coffee Bean Trivia,,https://inaturalist-open-data.s3.amazonaws.com/photos/479102578/large.jpg,Inaturalist
Pterocladiella capillacea,Branched Wing Weed,,https://inaturalist-open-data.s3.amazonaws.com/photos/114133911/large.jpeg,Inaturalist
Pterocladiella media,Red Algae,,https://static.inaturalist.org/sites/1-logo_square.png?1573071870,NO
Pteropurpura trialata,Three-winged Murex,,https://inaturalist-open-data.s3.amazonaws.com/photos/117283656/medium.jpeg,Credited
Pterygophora californica,Stalked Kelp,,https://inaturalist-open-data.s3.amazonaws.com/photos/110729258/medium.jpg,Inaturalist
Pugettia gracilis/richii,Kelp Crabs,,https://inaturalist-open-data.s3.amazonaws.com/photos/143479478/medium.jpeg,Inaturalist
Pugettia producta,Northern Kelp Crab,,,
Pycnogonida,Sea Spiders,,https://inaturalist-open-data.s3.amazonaws.com/photos/104577469/medium.jpeg,Inaturalist
Pycnopodia helianthoides,Sunflower Sea Star,,https://inaturalist-open-data.s3.amazonaws.com/photos/418237832/medium.jpeg,Inaturalist
Pylaiella littoralis,Filamentous Brown Algae,,,
Pyropia spp,Nori,,,
Rhizoclonium spp,Filamentous Green Algae,,https://inaturalist-open-data.s3.amazonaws.com/photos/295243610/medium.jpg,Credited
Rhodymenia californica,Red Algae,,,
Rhodymenia pacifica,Red Algae,,,
Romaleon antennarium,Pacific Rock Crab,,https://inaturalist-open-data.s3.amazonaws.com/photos/109696856/medium.jpg,Inaturalist
Roperia poulsoni,Poulson's Dwarf Triton,,https://inaturalist-open-data.s3.amazonaws.com/photos/119405917/large.jpeg,Inaturalist
Ruditapes philippinarum,Japanese Littleneck,,,
Saccharina latissima,Sugar Kelp,,,
Sarcodiotheca gaudichaudii,Succulent Seaweed,,https://inaturalist-open-data.s3.amazonaws.com/photos/132424603/large.jpg,Inaturalist
Sargassum agardhianum,Brown Algae,,https://inaturalist-open-data.s3.amazonaws.com/photos/356886810/medium.jpg,Credited
Sargassum horneri,Devil Weed,,https://inaturalist-open-data.s3.amazonaws.com/photos/175899441/large.jpeg,Inaturalist
Sargassum muticum,Japanese Wireweed,,,
Savoiea bipinnata/robusta,Brown Algae,,https://inaturalist-open-data.s3.amazonaws.com/photos/365518815/medium.jpg,Credited
Schizoporella unicornis,Single Horn Bryozoan,,https://inaturalist-open-data.s3.amazonaws.com/photos/254222997/medium.jpg,Credited
Semibalanus cariosus,Thatched Barnacle,,https://inaturalist-open-data.s3.amazonaws.com/photos/166751143/medium.jpeg,Inaturalist
Serpula vermicularis,Red Tubeworm,,,
Sertularella/Sertularia spp,Hydroids,,https://inaturalist-open-data.s3.amazonaws.com/photos/12695876/medium.jpg,Credited
Silvetia compressa,Golden Rockweed,,https://inaturalist-open-data.s3.amazonaws.com/photos/156531572/large.jpg,Inaturalist
Sphacelaria/Battersia spp,Brown Algae,,https://static.inaturalist.org/sites/1-logo_square.png?1573071870,NO
Spirobranchus spinosus,California Christmas Tree Worm,,https://inaturalist-open-data.s3.amazonaws.com/photos/57798478/medium.jpeg,Inaturalist
Spirorbis spp,Spiral Fanworms,,,
Spyridia filamentosa,Red Algae,,https://inaturalist-open-data.s3.amazonaws.com/photos/190588272/medium.jpg,Credited
Stenoplax conspicua,Conspicuous Chiton,,https://inaturalist-open-data.s3.amazonaws.com/photos/473798989/large.jpg,Inaturalist
Stephanocystis dioica,Brown Algae,,https://inaturalist-open-data.s3.amazonaws.com/photos/129365258/large.jpeg,Inaturalist
Stephanocystis osmundacea,Chain Bladder Kelp,,https://inaturalist-open-data.s3.amazonaws.com/photos/121643463/medium.jpg,Inaturalist
Strongylocentrotus purpuratus,Pacific Purple Sea Urchin,,,
Styela montereyensis,Long-stalked Sea Squirt,,https://inaturalist-open-data.s3.amazonaws.com/photos/276440951/medium.jpeg,Inaturalist
Symphyocladia dendroidea/Xiphosiphonia pennata,Filamentous Red Algae,,,
Symphyocladiella baileyi,Red Algae,,https://static.inaturalist.org/sites/1-logo_square.png?1573071870,NO
Taonia lennebackerae,Brown Algae,,https://inaturalist-open-data.s3.amazonaws.com/photos/115396713/medium.jpeg,Credited
Tectura paleacea,Surfgrass Limpet,,https://inaturalist-open-data.s3.amazonaws.com/photos/108552817/medium.jpeg,Inaturalist
Tegula aureotincta,Gilded Tegula,,https://inaturalist-open-data.s3.amazonaws.com/photos/175898255/large.jpeg,Inaturalist
Tegula brunnea,Brown Tegula,,https://inaturalist-open-data.s3.amazonaws.com/photos/155298271/large.jpeg,Inaturalist
Tegula funebralis/gallina,Black Turban Snails,,,
Tetraclita rubescens,Pink Volcano Barnacle,,https://inaturalist-open-data.s3.amazonaws.com/photos/296759482/large.jpg,Inaturalist
Thylacodes squamigerus,Scaled Worm Snail,,https://inaturalist-open-data.s3.amazonaws.com/photos/146011457/large.jpeg,Inaturalist
Tiffaniella snyderae,Red Algae,,,
Tonicella spp,Lined Chitons,,https://inaturalist-open-data.s3.amazonaws.com/photos/206415219/medium.jpeg,Inaturalist
Trichotropis cancellata,Hairysnail,,,
Ulothrix spp,Filamentous Green Algae,,https://inaturalist-open-data.s3.amazonaws.com/photos/469984865/large.jpg,Inaturalist
Ulvophyceae,Green Algae,,,
Urosalpinx subangulata,Rock Snail,,https://inaturalist-open-data.s3.amazonaws.com/photos/105949779/large.jpeg,Inaturalist
Urospora spp,Filamentous Green Algae,,https://inaturalist-open-data.s3.amazonaws.com/photos/64839653/medium.jpeg,Inaturalist
Urticina coriacea,Stubby Rose Anemone,,https://inaturalist-open-data.s3.amazonaws.com/photos/580244/medium.JPG,Credited
Verrucaria maura,Wart Lichen,,,
Xingyurella turgida,Red Algae,,https://inaturalist-open-data.s3.amazonaws.com/photos/160546457/large.jpeg,Inaturalist
Zonaria farlowii,Banded Fanweed,,https://inaturalist-open-data.s3.amazonaws.com/photos/167367145/large.jpeg,Inaturalist